{
    "loss": 0.1319325864315033,
    "accuracy": 0.9464841485023499
}