{
    "loss": 0.6220037937164307,
    "accuracy": 0.6863721013069153
}