{
    "loss": 0.1781628578901291,
    "accuracy": 0.9390168190002441
}